Year,Month,Coal Consumption,Natural Gas Consumption (Excluding Supplemental Gaseous Fuels),Petroleum Consumption (Excluding Biofuels),Total Fossil Fuels Consumption,Nuclear Electric Power Consumption,Hydroelectric Power Consumption,Geothermal Energy Consumption,Solar Energy Consumption,Wind Energy Consumption,Biomass Energy Consumption,Total Renewable Energy Consumption,Total Primary Energy Consumption
1973,1,1.166191,2.397308,3.185268,6.747651,0.068103,0.272703,0.001491,,,0.129787,0.403981,7.223873
1973,2,1.050588,2.170646,2.941986,6.163095,0.064634,0.242199,0.001363,,,0.117338,0.3609,6.592366
1973,3,1.046856,2.057315,2.942485,6.044647,0.072494,0.26881,0.001412,,,0.129938,0.400161,6.521439
1973,4,0.998979,1.873535,2.621315,5.493184,0.06407,0.253185,0.001649,,,0.125636,0.38047,5.941729
1973,5,1.014502,1.765309,2.836567,5.613551,0.062111,0.26077,0.001537,,,0.129834,0.392141,6.07194
1973,6,1.050077,1.566214,2.731435,5.347479,0.073968,0.249859,0.001763,,,0.125611,0.377232,5.802683
1973,7,1.110438,1.590718,2.80454,5.504556,0.07589,0.23567,0.001869,,,0.129787,0.367325,5.951909
1973,8,1.135679,1.615222,2.999441,5.748879,0.084883,0.222077,0.001762,,,0.129918,0.353757,6.191657
1973,9,1.057732,1.559067,2.761173,5.376782,0.085724,0.179733,0.001492,,,0.125782,0.307006,5.773515
1973,10,1.083177,1.743868,2.936519,5.7653,0.081971,0.191723,0.00176,,,0.12997,0.323453,6.174862
1973,11,1.08859,1.945005,3.053629,6.08844,0.088773,0.210285,0.001889,,,0.125643,0.337817,6.519033
1973,12,1.16868,2.227822,2.991666,6.388515,0.087557,0.274435,0.002435,,,0.129824,0.406694,6.886904
1974,1,1.145845,2.28352,2.944909,6.378043,0.084855,0.304506,0.002154,,,0.130807,0.437467,6.904043
1974,2,1.036439,2.103296,2.677772,5.820458,0.090577,0.27995,0.001901,,,0.118091,0.399942,6.3143
1974,3,1.050801,2.051072,2.740105,5.845649,0.097966,0.290582,0.002165,,,0.130727,0.423474,6.370767
1974,4,0.994963,1.731584,2.624656,5.355618,0.079566,0.293702,0.002039,,,0.126583,0.422323,5.861066
1974,5,1.029181,1.646592,2.678975,5.359907,0.073242,0.294828,0.00204,,,0.130789,0.427657,5.864485
1974,6,1.014433,1.473536,2.65905,5.150392,0.079015,0.280695,0.001975,,,0.126611,0.409281,5.642248
1974,7,1.110438,1.550336,2.793658,5.458003,0.113953,0.276772,0.002191,,,0.130756,0.409719,5.985353
1974,8,1.112559,1.54624,2.825426,5.488069,0.137654,0.253175,0.002163,,,0.130763,0.386101,6.015502
1974,9,1.005508,1.573888,2.64493,5.230848,0.12288,0.225274,0.001999,,,0.126637,0.35391,5.711198
1974,10,1.051737,1.746944,2.905632,5.713389,0.121248,0.210955,0.00203,,,0.130718,0.343703,6.182018
1974,11,1.022021,1.870848,2.859805,5.757535,0.122819,0.222713,0.002414,,,0.126506,0.351633,6.235546
1974,12,1.088954,2.154496,3.065694,6.314029,0.148309,0.243428,0.00254,,,0.130674,0.376642,6.842659
1975,1,1.131658,2.295208,3.072693,6.508066,0.153503,0.263371,0.002117,,,0.127269,0.392756,7.056118
1975,2,1.038817,1.979719,2.632196,5.658866,0.140232,0.251317,0.002019,,,0.114942,0.368278,6.168996
1975,3,1.072008,1.942963,2.776781,5.794307,0.163893,0.293961,0.002277,,,0.127251,0.42349,6.383482
1975,4,0.996432,1.608075,2.639706,5.244039,0.146773,0.279947,0.002281,,,0.123139,0.405368,5.797914
1975,5,0.976643,1.358951,2.578863,4.917011,0.15158,0.291504,0.002475,,,0.127303,0.421283,5.491667
1975,6,1.021948,1.283397,2.57824,4.881923,0.140348,0.28531,0.00307,,,0.123241,0.411622,5.435627
1975,7,1.081702,1.340573,2.678403,5.099561,0.169294,0.268081,0.003091,,,0.127288,0.398459,5.669107
1975,8,1.116476,1.397749,2.687048,5.199413,0.174883,0.237557,0.003351,,,0.127321,0.36823,5.744318
1975,9,1.00335,1.39877,2.596741,4.996158,0.158543,0.215793,0.002954,,,0.12321,0.341957,5.498393
1975,10,1.020889,1.576424,2.781396,5.377048,0.161078,0.238068,0.003406,,,0.127312,0.368786,5.908704
1975,11,1.044129,1.67444,2.590402,5.309492,0.155988,0.256706,0.00331,,,0.12318,0.383196,5.850411
1975,12,1.158734,2.092029,3.086312,6.337521,0.183682,0.27299,0.003429,,,0.127277,0.403696,6.926691
1976,1,1.201363,2.33682,3.17305,6.710216,0.177844,0.273323,0.003403,,,0.145049,0.421775,7.312324
1976,2,1.063557,1.97676,2.797522,5.836128,0.158824,0.257277,0.0032,,,0.135695,0.396173,6.393452
1976,3,1.103547,1.75542,2.950439,5.807521,0.15458,0.278567,0.003426,,,0.145051,0.427044,6.391633
1976,4,1.054029,1.53816,2.744806,5.334664,0.121316,0.253482,0.003086,,,0.140363,0.396931,5.855319
1976,5,1.060057,1.46268,2.723288,5.243322,0.131784,0.267732,0.002949,,,0.145047,0.415728,5.793322
1976,6,1.09882,1.3617,2.777649,5.236508,0.174072,0.268088,0.003063,,,0.140405,0.411555,5.824544
1976,7,1.171113,1.39944,2.834785,5.40514,0.195628,0.273026,0.003311,,,0.145088,0.421425,6.024682
1976,8,1.17987,1.34334,2.842559,5.367256,0.202851,0.249759,0.00326,,,0.14511,0.398129,5.970726
1976,9,1.081958,1.32804,2.778502,5.18912,0.191006,0.213376,0.003173,,,0.140436,0.356984,5.739519
1976,10,1.119412,1.65342,2.902739,5.681201,0.191723,0.22099,0.003082,,,0.145114,0.369186,6.244598
1976,11,1.176231,1.9125,3.107876,6.197897,0.178235,0.208138,0.002597,,,0.140651,0.351386,6.729925
1976,12,1.27411,2.27664,3.50877,7.0619,0.233256,0.212507,0.002963,,,0.145364,0.360834,7.658479
1977,1,1.266433,2.457547,3.507984,7.230327,0.238556,0.219069,0.003232,,,0.15622,0.378521,7.852451
1977,2,1.121735,1.854136,3.158978,6.134899,0.211078,0.160329,0.002823,,,0.141176,0.304328,6.654863
1977,3,1.12922,1.751015,3.098805,5.97723,0.222619,0.209549,0.0032,,,0.156217,0.368966,6.573861
1977,4,1.041243,1.469219,2.900699,5.409177,0.213943,0.197287,0.002854,,,0.151161,0.351301,5.979305
1977,5,1.103387,1.407959,2.901985,5.413653,0.221834,0.197656,0.003081,,,0.156186,0.356923,5.997456
1977,6,1.1621,1.360993,2.989659,5.512801,0.23172,0.182303,0.003029,,,0.151153,0.336485,6.08589
1977,7,1.257119,1.352825,3.007273,5.618804,0.235032,0.177779,0.003204,,,0.15592,0.336903,6.195785
1977,8,1.231003,1.392644,3.09014,5.714704,0.244991,0.176863,0.002937,,,0.156081,0.335881,6.300623
1977,9,1.135635,1.456967,2.936273,5.535869,0.211395,0.173821,0.003144,,,0.15111,0.328075,6.080223
1977,10,1.127504,1.549878,3.039576,5.72095,0.205053,0.181908,0.003288,,,0.156172,0.341368,6.272418
1977,11,1.139472,1.72549,3.03494,5.900695,0.209548,0.215864,0.003303,,,0.151,0.370168,6.485295
1977,12,1.207253,2.152268,3.41633,6.781158,0.255994,0.240826,0.003288,,,0.155935,0.400048,7.442248
1978,1,1.195802,2.427258,3.369733,6.994146,0.282638,0.262529,0.003326,,,0.173128,0.438983,7.721485
1978,2,1.00151,2.179641,3.234538,6.416481,0.238869,0.232625,0.002854,,,0.156387,0.391866,7.052381
1978,3,0.953062,1.954442,3.368195,6.280715,0.245611,0.257965,0.002359,,,0.173136,0.433459,6.965503
1978,4,1.019025,1.568241,2.938869,5.537677,0.192342,0.265041,0.001989,,,0.167349,0.434379,6.169931
1978,5,1.088001,1.40622,3.114781,5.63302,0.223373,0.301188,0.001772,,,0.172923,0.475883,6.337994
1978,6,1.162388,1.272731,3.025056,5.469015,0.242728,0.263109,0.002179,,,0.16734,0.432628,6.149904
1978,7,1.237363,1.358327,3.019691,5.629409,0.273603,0.256107,0.002441,,,0.172912,0.431461,6.34019
1978,8,1.278218,1.309415,3.201369,5.801865,0.280082,0.232357,0.002871,,,0.173189,0.408417,6.496081
1978,9,1.211465,1.258465,2.965814,5.446963,0.242769,0.221801,0.003031,,,0.167455,0.392287,6.087552
1978,10,1.166964,1.46736,3.139837,5.788479,0.251605,0.204012,0.002254,,,0.173169,0.379436,6.425237
1978,11,1.170315,1.689502,3.1566,6.02842,0.272438,0.208974,0.002547,,,0.167557,0.379078,6.685469
1978,12,1.281463,2.108311,3.384635,6.783142,0.278067,0.231275,0.003228,,,0.17306,0.407564,7.474491
1979,1,1.352487,2.476946,3.502897,7.336166,0.302351,0.262096,0.003099,,,0.1826,0.447796,8.092205
1979,2,1.203643,2.250284,3.275613,6.732512,0.281883,0.222855,0.002535,,,0.165096,0.390487,7.410205
1979,3,1.2125,1.920501,3.287034,6.42199,0.264739,0.271516,0.003402,,,0.182881,0.457799,7.150421
1979,4,1.140389,1.627474,2.862597,5.635417,0.200369,0.265941,0.003146,,,0.176844,0.445932,6.28742
1979,5,1.19397,1.459009,3.024277,5.688216,0.163455,0.303134,0.003164,,,0.182782,0.48908,6.346644
1979,6,1.238154,1.336489,2.937072,5.520908,0.174776,0.261646,0.003204,,,0.176833,0.441683,6.14307
1979,7,1.334783,1.35793,2.919158,5.619578,0.226552,0.238414,0.003398,,,0.1827,0.424513,6.276536
1979,8,1.342578,1.370182,3.093268,5.814576,0.263316,0.222695,0.003707,,,0.182808,0.40921,6.492996
1979,9,1.198249,1.356909,2.868191,5.431098,0.237204,0.198794,0.003217,,,0.176891,0.378903,6.052908
1979,10,1.231391,1.589697,3.087436,5.911981,0.227745,0.211243,0.003607,,,0.182752,0.397602,6.54322
1979,11,1.237532,1.805128,3.006554,6.049123,0.209477,0.234286,0.003505,,,0.176949,0.41474,6.679042
1979,12,1.35391,2.115512,3.211645,6.682671,0.223959,0.238063,0.004275,,,0.18277,0.425109,7.337632
1980,1,1.394041,2.278492,3.188828,6.864636,0.215389,0.265618,0.003495,,,0.209829,0.478943,7.565016
1980,2,1.309761,2.186179,2.987494,6.482913,0.210277,0.224631,0.003357,,,0.19631,0.424298,7.123145
1980,3,1.291623,2.090937,2.948824,6.328141,0.218584,0.255676,0.003731,,,0.209727,0.469134,7.021907
1980,4,1.155186,1.562193,2.757535,5.470245,0.205,0.270552,0.003909,,,0.202894,0.477356,6.158453
1980,5,1.15954,1.380874,2.748166,5.283326,0.200541,0.303305,0.004603,,,0.209548,0.517456,6.00737
1980,6,1.231174,1.277249,2.664502,5.168984,0.199859,0.290604,0.004441,,,0.202723,0.497768,5.872463
1980,7,1.385342,1.318738,2.728917,5.42874,0.229329,0.257106,0.00467,,,0.209554,0.471331,6.135448
1980,8,1.377215,1.305406,2.683241,5.36277,0.265424,0.214693,0.004991,,,0.209675,0.429358,6.063599
1980,9,1.257702,1.322794,2.729299,5.305752,0.257127,0.194301,0.004506,,,0.202905,0.401712,5.970443
1980,10,1.224097,1.549528,2.873005,5.640628,0.267351,0.18773,0.005117,,,0.209717,0.402564,6.31659
1980,11,1.246566,1.791974,2.73927,5.775618,0.228892,0.201929,0.005002,,,0.202945,0.409876,6.420238
1980,12,1.39054,2.167904,3.110452,6.667805,0.241396,0.233998,0.004877,,,0.209671,0.448546,7.363795
1981,1,1.467366,2.319606,3.11837,6.904959,0.26228,0.236553,0.005284,,,0.220544,0.462381,7.639252
1981,2,1.297021,1.928722,2.585717,5.810571,0.238196,0.223123,0.004671,,,0.199248,0.427043,6.484509
1981,3,1.304283,1.933264,2.675019,5.910062,0.242709,0.217976,0.005237,,,0.220595,0.443808,6.60621
1981,4,1.186599,1.51385,2.500958,5.20014,0.227726,0.219717,0.004836,,,0.213467,0.43802,5.875206
1981,5,1.194768,1.451464,2.585675,5.231949,0.217546,0.2552,0.004791,,,0.220433,0.480423,5.93955
1981,6,1.295935,1.331774,2.632443,5.255929,0.233457,0.278976,0.004782,,,0.213237,0.496995,5.995702
1981,7,1.463331,1.336794,2.652557,5.452931,0.254569,0.265656,0.005256,,,0.220392,0.491304,6.208435
1981,8,1.430796,1.335664,2.585304,5.352038,0.297219,0.228409,0.005191,,,0.220428,0.454028,6.112916
1981,9,1.296714,1.286644,2.553468,5.135095,0.269115,0.188516,0.005224,,,0.21348,0.40722,5.820751
1981,10,1.284573,1.545294,2.663528,5.490746,0.226731,0.191231,0.005153,,,0.220581,0.416966,6.144075
1981,11,1.27444,1.647118,2.537492,5.459212,0.251301,0.200541,0.004498,,,0.213437,0.418476,6.13831
1981,12,1.411723,2.113001,2.793473,6.315167,0.286743,0.252071,0.004513,,,0.22044,0.477024,7.088566
1982,1,1.488841,2.447351,2.704918,6.640697,0.284331,0.284215,0.003975,,,0.226251,0.51444,7.448166
1982,2,1.294926,2.02315,2.433874,5.750531,0.223538,0.281593,0.003656,,,0.204375,0.489624,6.471248
1982,3,1.26221,1.87359,2.606926,5.740713,0.251971,0.315347,0.00322,,,0.226157,0.544724,6.544007
1982,4,1.154664,1.514599,2.60736,5.27593,0.241222,0.295061,0.003247,,,0.218821,0.517128,6.040586
1982,5,1.188681,1.158395,2.485054,4.829676,0.239606,0.295887,0.003773,,,0.226135,0.525795,5.602379
1982,6,1.212642,1.136504,2.438379,4.78391,0.26604,0.295552,0.004556,,,0.218866,0.518974,5.572673
1982,7,1.383398,1.167608,2.480346,5.028317,0.281997,0.288273,0.004792,,,0.226202,0.519267,5.835852
1982,8,1.376905,1.174323,2.497944,5.047842,0.276671,0.252259,0.004776,,,0.226168,0.483203,5.818627
1982,9,1.22966,1.162899,2.434187,4.823564,0.281149,0.210219,0.004581,,,0.218947,0.433748,5.549273
1982,10,1.192804,1.335372,2.490956,5.017757,0.257422,0.208623,0.004877,,,0.226373,0.439874,5.726507
1982,11,1.231755,1.589784,2.420923,5.241011,0.257281,0.245861,0.005122,,,0.218948,0.46993,5.978943
1982,12,1.305074,1.772929,2.578628,5.655954,0.269921,0.292668,0.004053,,,0.22621,0.52293,6.458452
1983,1,1.359687,2.265754,2.438421,6.062504,0.273422,0.310615,0.005087,,0.000002,0.246575,0.562279,6.907502
1983,2,1.180042,1.888071,2.223831,5.290891,0.242067,0.296625,0.003913,,0,0.222738,0.523276,6.065647
1983,3,1.196034,1.788953,2.604959,5.58921,0.260523,0.32173,0.00451,,0.000003,0.24661,0.572853,6.431871
1983,4,1.13955,1.533045,2.385301,5.055553,0.243561,0.318603,0.004227,,0.000002,0.238625,0.561458,5.869679
1983,5,1.172176,1.260206,2.432262,4.862973,0.240465,0.331656,0.003434,,0.000003,0.246647,0.581741,5.692724
1983,6,1.25652,1.090922,2.489536,4.836114,0.263376,0.326237,0.004518,,0.000002,0.238736,0.569493,5.677988
1983,7,1.499058,1.086246,2.517064,5.100754,0.279191,0.298715,0.005627,,0.000001,0.246651,0.550993,5.941322
1983,8,1.573899,1.123874,2.606248,5.303409,0.285725,0.274189,0.007404,,0,0.246695,0.528288,6.128631
1983,9,1.366111,1.060564,2.513007,4.938737,0.272705,0.23065,0.006764,,0.000004,0.238755,0.476173,5.699808
1983,10,1.304357,1.125246,2.505054,4.933914,0.281314,0.220423,0.007091,,0.000005,0.246732,0.474251,5.701452
1983,11,1.325008,1.316659,2.504586,5.145302,0.272735,0.26194,0.006311,,0.000004,0.23878,0.507035,5.935601
1983,12,1.521978,1.681296,2.776983,5.977512,0.287465,0.335876,0.005025,,0.000001,0.246871,0.587773,6.863357
1984,1,1.551521,2.399247,2.804008,6.755532,0.317844,0.313504,0.005094,-0.000001,0,0.251483,0.570081,7.654075
1984,2,1.35899,2.005105,2.404095,5.770207,0.308326,0.293845,0.006222,0.000001,0.000002,0.235169,0.535239,6.623097
1984,3,1.402844,1.887051,2.684594,5.973514,0.296499,0.32067,0.006838,0.000002,0.000002,0.251529,0.57904,6.858673
1984,4,1.271621,1.639935,2.520623,5.431746,0.262738,0.315985,0.006748,0.000003,0.000006,0.243277,0.566019,6.270456
1984,5,1.297942,1.380376,2.608349,5.286097,0.280471,0.335607,0.006473,0.000007,0.000008,0.251408,0.593504,6.170762
1984,6,1.439065,1.204611,2.547346,5.188581,0.274321,0.303719,0.006283,0.00001,0.000006,0.243303,0.553321,6.026485
1984,7,1.51922,1.180805,2.589785,5.288875,0.306687,0.289982,0.005997,0.000003,0.000005,0.251632,0.547618,6.155513
1984,8,1.586855,1.181397,2.697843,5.46417,0.319793,0.264894,0.007509,0.000009,0.000003,0.251638,0.524053,6.323114
1984,9,1.383544,1.110435,2.468375,4.961915,0.316027,0.220536,0.006763,0.00001,0.000005,0.243596,0.47091,5.761176
1984,10,1.395014,1.208513,2.599145,5.19925,0.268621,0.220205,0.007424,0.000007,0.000009,0.251974,0.47962,5.960973
1984,11,1.393904,1.424191,2.521827,5.337341,0.266462,0.234699,0.007331,0.000004,0.000009,0.244068,0.48611,6.100793
1984,12,1.470103,1.771942,2.547104,5.788606,0.334742,0.272166,0.008127,0,0.000013,0.252042,0.532347,6.666436
1985,1,1.599226,2.155823,2.672391,6.42789,0.384371,0.290793,0.008086,0.000005,0.000007,0.256315,0.555205,7.377254
1985,2,1.405395,2.206765,2.419434,6.03303,0.32729,0.273175,0.007141,-0.000001,0.000011,0.231512,0.511838,6.880264
1985,3,1.385744,1.767205,2.557334,5.710393,0.32972,0.260344,0.008314,0.000001,0.000007,0.256336,0.525002,6.577553
1985,4,1.319424,1.481028,2.501434,5.302405,0.28104,0.258039,0.007281,0.000013,0.000006,0.247599,0.512937,6.10613
1985,5,1.384445,1.17293,2.592054,5.146409,0.304823,0.279498,0.007571,0.000015,0.000004,0.255881,0.542968,6.005352
1985,6,1.431061,1.100814,2.503708,5.033449,0.32755,0.252373,0.007294,0.000016,0.000004,0.247643,0.50733,5.88048
1985,7,1.584552,1.14242,2.584345,5.309635,0.373727,0.225387,0.008019,0.000011,0.000001,0.256159,0.489577,6.187443
1985,8,1.561888,1.141786,2.693552,5.395869,0.369775,0.211206,0.008381,0.000021,0.000004,0.256301,0.475912,6.256987
1985,9,1.424542,1.065341,2.43853,4.925617,0.366541,0.198288,0.007966,0.000014,0.000009,0.247997,0.454274,5.759
1985,10,1.389491,1.171877,2.647682,5.207793,0.331461,0.211589,0.007626,0.00001,0.000005,0.256175,0.475406,6.026246
1985,11,1.385921,1.345754,2.499163,5.228088,0.320428,0.242115,0.009416,0.000003,0.000002,0.24807,0.499606,6.059118
1985,12,1.606739,1.951717,2.757676,6.315121,0.358837,0.267386,0.010325,0.000002,0.000001,0.256246,0.53396,7.219105
1986,1,1.628376,2.205211,2.680492,6.514033,0.383159,0.226352,0.010526,0.000007,0.000002,0.249178,0.486064,7.395548
1986,2,1.412688,1.930555,2.442941,5.785886,0.346156,0.245152,0.00904,0.000006,0.000002,0.224922,0.479122,6.620399
1986,3,1.385114,1.772385,2.727101,5.883728,0.325549,0.30028,0.009403,0.000011,0.000007,0.248837,0.558538,6.775964
1986,4,1.264564,1.380229,2.594758,5.239137,0.322413,0.290609,0.008479,0.000014,0.000006,0.240788,0.539897,6.109551
1986,5,1.32118,1.192312,2.696101,5.206938,0.337725,0.287656,0.008568,0.000019,0.000008,0.248822,0.545072,6.099383
1986,6,1.46356,1.059219,2.624776,5.147695,0.331481,0.27726,0.009295,0.000015,0.000005,0.240837,0.527412,6.015826
1986,7,1.64801,1.053847,2.750898,5.451039,0.379718,0.254396,0.009862,0.000017,0.000005,0.249011,0.513292,6.354208
1986,8,1.515011,1.016637,2.80541,5.331362,0.396534,0.22381,0.009839,0.000017,0.000005,0.249176,0.482847,6.223701
1986,9,1.401321,0.960084,2.586916,4.947904,0.387113,0.222779,0.008245,0.000015,0.000001,0.241074,0.472114,5.818638
1986,10,1.355954,1.037874,2.771165,5.164399,0.383103,0.225018,0.008105,0.000013,0.000002,0.248974,0.482113,6.039911
1986,11,1.366752,1.271522,2.612738,5.247547,0.369674,0.244175,0.007015,0.000009,0,0.241122,0.492321,6.119265
1986,12,1.497876,1.711484,2.857621,6.066258,0.417484,0.273692,0.009299,0.000003,0,0.249352,0.532346,7.027262
1987,1,1.563157,2.179929,2.778384,6.520368,0.417417,0.267809,0.009317,0.000001,0.000001,0.244137,0.521265,7.472334
1987,2,1.357526,1.968916,2.551887,5.879311,0.382159,0.223722,0.00864,0.000006,0,0.220511,0.452878,6.729068
1987,3,1.372447,1.7931,2.699987,5.863944,0.389382,0.245143,0.009473,0.000009,0,0.244157,0.498782,6.767036
1987,4,1.322692,1.472949,2.674699,5.470761,0.349992,0.232573,0.008929,0.000013,0.000002,0.236139,0.477656,6.313868
1987,5,1.419056,1.212924,2.687267,5.319684,0.358374,0.255627,0.009382,0.000013,0.000003,0.244007,0.509032,6.199256
1987,6,1.553622,1.125283,2.737218,5.417632,0.38176,0.220689,0.009635,0.000017,0.00001,0.236522,0.466873,6.280222
1987,7,1.731657,1.118428,2.874513,5.724864,0.41826,0.21334,0.009961,0.000019,0.000013,0.244359,0.467691,6.626659
1987,8,1.719952,1.151681,2.746301,5.618573,0.431801,0.194652,0.009923,0.000012,0.000002,0.244396,0.448986,6.514555
1987,9,1.484318,1.068976,2.704211,5.26135,0.414191,0.191635,0.009257,0.000008,0.000002,0.236298,0.437201,6.123881
1987,10,1.448063,1.250133,2.827616,5.527906,0.381045,0.189215,0.009375,0.000006,0.000001,0.244059,0.442655,6.362769
1987,11,1.433762,1.450775,2.630898,5.517998,0.390924,0.177943,0.009064,0.000003,0.000001,0.236197,0.423208,6.342057
1987,12,1.602198,1.846705,2.905377,6.352849,0.438627,0.222161,0.009312,0.000002,0.000002,0.244104,0.47558,7.277377
1988,1,1.684214,2.237883,2.895584,6.820914,0.473469,0.230477,0.009312,0.000005,0.000007,0.255331,0.495132,7.800316
1988,2,1.539149,2.085677,2.775957,6.402514,0.447892,0.199789,0.008013,0.000008,0,0.238853,0.446663,7.308187
1988,3,1.48558,1.910986,2.949037,6.351358,0.465555,0.204359,0.009341,0.000013,0,0.255385,0.469098,7.296746
1988,4,1.368241,1.498021,2.689981,5.560392,0.424786,0.200293,0.008454,0.000005,0,0.247241,0.455993,6.449806
1988,5,1.418454,1.333133,2.716171,5.466201,0.430975,0.222701,0.00831,0.000013,0,0.255188,0.486212,6.390836
1988,6,1.601226,1.19723,2.774459,5.577641,0.467326,0.197723,0.008815,0.000014,0,0.24734,0.453891,6.507738
1988,7,1.748765,1.203533,2.804455,5.763547,0.528281,0.17742,0.009589,0.000012,0,0.255582,0.442602,6.74603
1988,8,1.819299,1.250795,2.945102,6.018489,0.519872,0.172238,0.009149,0.000012,0,0.255815,0.437214,6.988178
1988,9,1.522329,1.124432,2.765934,5.415734,0.49056,0.170174,0.008772,0.00001,0,0.247357,0.426312,6.340877
1988,10,1.498257,1.259569,2.942807,5.704981,0.451551,0.158144,0.008939,0.000001,0,0.255517,0.422602,6.586707
1988,11,1.493134,1.485535,2.850221,5.829882,0.419662,0.192932,0.008874,0.000001,0,0.247096,0.448903,6.704226
1988,12,1.667662,1.861598,3.063919,6.596231,0.467038,0.208016,0.00877,0.000001,0.000001,0.255345,0.472132,7.54036
1989,1,1.661361,2.093063,2.872847,6.634584,0.490288,0.22404,0.014134,0.002882,0.001521,0.266572,0.509148,7.638756
1989,2,1.570485,2.082145,2.697285,6.352085,0.409824,0.19931,0.012761,0.003106,0.002331,0.243927,0.461436,7.229611
1989,3,1.558177,2.022197,3.003263,6.586898,0.419471,0.242358,0.015001,0.004372,0.002671,0.268315,0.532717,7.541181
1989,4,1.421056,1.650696,2.693884,5.772522,0.354476,0.257728,0.013095,0.004846,0.002484,0.251946,0.530099,6.660424
1989,5,1.465828,1.413189,2.778194,5.66289,0.405739,0.30024,0.013857,0.00524,0.002131,0.241235,0.562702,6.635392
1989,6,1.571761,1.262426,2.849206,5.687456,0.454815,0.277046,0.013664,0.005349,0.001631,0.248447,0.546138,6.693826
1989,7,1.705408,1.288763,2.771958,5.769796,0.553819,0.242678,0.013872,0.00575,0.001482,0.261318,0.525099,6.856063
1989,8,1.717331,1.282892,2.924922,5.927662,0.581511,0.216086,0.013414,0.005596,0.001075,0.276985,0.513156,7.028181
1989,9,1.550947,1.242952,2.719971,5.515428,0.474507,0.202515,0.01252,0.005183,0.002923,0.264811,0.487951,6.480979
1989,10,1.524699,1.400854,2.896565,5.818518,0.460972,0.214892,0.013157,0.004718,0.001832,0.276462,0.511061,6.790635
1989,11,1.534514,1.630263,2.799093,5.962743,0.459296,0.226777,0.012562,0.003886,0.001281,0.276819,0.521326,6.940305
1989,12,1.788196,2.232167,3.157566,7.175947,0.537442,0.233595,0.013504,0.003552,0.000671,0.28252,0.533842,8.24546
1990,1,1.651617,2.214586,2.849383,6.71583,0.583273,0.253277,0.015036,0.003134,0.003134,0.236692,0.511273,7.809232
1990,2,1.465526,1.907248,2.597232,5.970118,0.528705,0.262555,0.013739,0.003397,0.002405,0.226266,0.508362,7.003711
1990,3,1.528733,1.87065,2.853453,6.25336,0.487694,0.301333,0.015116,0.004688,0.002551,0.244248,0.567936,7.305266
1990,4,1.449803,1.668133,2.714167,5.83131,0.407576,0.276175,0.01208,0.005163,0.004373,0.23264,0.530432,6.76783
1990,5,1.477073,1.452612,2.837106,5.766968,0.454445,0.291917,0.01414,0.005866,0.003644,0.210108,0.525675,6.746036
1990,6,1.604918,1.350899,2.806675,5.763212,0.490288,0.300121,0.014647,0.005824,0.004227,0.178544,0.503364,6.756044
1990,7,1.740572,1.341798,2.876087,5.961692,0.567668,0.257581,0.014779,0.006185,0.001239,0.219713,0.499497,7.032232
1990,8,1.776442,1.372602,3.040655,6.188925,0.590033,0.230354,0.014592,0.006149,0.000729,0.245632,0.497457,7.279164
1990,9,1.639972,1.333192,2.67668,5.650824,0.513067,0.187254,0.013746,0.005471,0.000947,0.239932,0.447351,6.613366
1990,10,1.604968,1.458073,2.818935,5.882538,0.459207,0.203213,0.014398,0.00504,0.002114,0.235437,0.460201,6.807
1990,11,1.535479,1.609279,2.68843,5.832145,0.476554,0.219084,0.013805,0.004016,0.002405,0.220256,0.459567,6.771697
1990,12,1.697532,2.024196,2.742093,6.464655,0.545839,0.263525,0.014668,0.003852,0.001239,0.245644,0.528928,7.542281
1991,1,1.748968,2.389278,2.79138,6.931248,0.570005,0.280572,0.015446,0.003281,0.000648,0.269531,0.569478,8.073921
1991,2,1.460729,1.987785,2.44256,5.892879,0.501792,0.240524,0.013497,0.003536,0.003026,0.204535,0.465118,6.862154
1991,3,1.480065,1.921539,2.697918,6.101053,0.514987,0.282566,0.015382,0.004627,0.002161,0.214374,0.51911,7.139161
1991,4,1.37316,1.620823,2.607969,5.602625,0.43646,0.281008,0.013871,0.005098,0.002485,0.190452,0.492914,6.536529
1991,5,1.497435,1.416318,2.704182,5.618474,0.490175,0.309826,0.014196,0.006208,0.003782,0.206579,0.540591,6.654746
1991,6,1.596278,1.277489,2.74008,5.612394,0.568322,0.280947,0.015048,0.006303,0.001621,0.209721,0.51364,6.697966
1991,7,1.738203,1.377051,2.837241,5.955334,0.636742,0.26605,0.01507,0.006742,0.001621,0.210055,0.499537,7.098775
1991,8,1.737679,1.367091,2.875986,5.978671,0.613027,0.237525,0.014928,0.006567,0.002377,0.250834,0.512231,7.112442
1991,9,1.576469,1.311041,2.723596,5.614724,0.543843,0.201861,0.01403,0.005937,0.002161,0.267735,0.491724,6.657677
1991,10,1.540673,1.502664,2.841013,5.883668,0.49959,0.193296,0.014793,0.00521,0.00443,0.249408,0.467137,6.858583
1991,11,1.588175,1.770822,2.686684,6.046869,0.485359,0.20213,0.015411,0.004231,0.00443,0.241541,0.467744,7.006253
1991,12,1.653837,2.091062,2.841649,6.586641,0.561832,0.239639,0.015954,0.003903,0.002053,0.267033,0.528582,7.683275
1992,1,1.674804,2.336323,2.820735,6.835561,0.605734,0.23595,0.015635,0.003274,0.001551,0.279197,0.535607,7.983359
1992,2,1.496093,2.123792,2.612235,6.234612,0.552907,0.196021,0.013827,0.003547,0.005333,0.230468,0.449195,7.243264
1992,3,1.55524,2.025,2.79799,6.381501,0.479942,0.23766,0.015679,0.004875,0.003393,0.221177,0.482785,7.348605
1992,4,1.452659,1.783748,2.708347,5.94784,0.442584,0.212719,0.014254,0.005514,0.003297,0.210172,0.445956,6.841699
1992,5,1.487696,1.511315,2.757921,5.75883,0.477764,0.242426,0.015069,0.006239,0.00097,0.190537,0.45524,6.698116
1992,6,1.560214,1.361629,2.749827,5.675539,0.535959,0.244966,0.014876,0.00628,0.000776,0.230985,0.497883,6.715212
1992,7,1.780586,1.427258,2.866714,6.076354,0.586886,0.214207,0.015109,0.006737,0.000776,0.25015,0.486979,7.159829
1992,8,1.708952,1.369896,2.834168,5.915606,0.614183,0.198457,0.015214,0.006656,0.001454,0.269662,0.491443,7.029232
1992,9,1.604886,1.34719,2.727759,5.682676,0.533178,0.1833,0.01418,0.005977,0.003297,0.251511,0.458264,6.682171
1992,10,1.551277,1.453742,2.900902,5.908912,0.510817,0.18027,0.014943,0.005402,0.002521,0.269545,0.472681,6.901629
1992,11,1.549587,1.759472,2.730142,6.040422,0.531147,0.212065,0.014869,0.004406,0.002909,0.264383,0.498632,7.078629
1992,12,1.700478,2.214271,2.962189,6.881807,0.608106,0.259394,0.015043,0.003997,0.003587,0.263891,0.545914,8.044434
1993,1,1.694732,2.365892,2.650362,6.714885,0.620536,0.268521,0.015945,0.003371,0.00255,0.273487,0.563875,7.906824
1993,2,1.571442,2.246705,2.577761,6.395945,0.539056,0.216725,0.015426,0.003713,0.00051,0.241356,0.47773,7.419792
1993,3,1.642407,2.224915,2.901662,6.771593,0.489546,0.253399,0.016137,0.00522,0.005356,0.263426,0.543537,7.811624
1993,4,1.47171,1.749112,2.693385,5.917162,0.453758,0.274886,0.01599,0.005918,0.003826,0.226086,0.526705,6.902829
1993,5,1.477777,1.358354,2.739191,5.576916,0.529053,0.316469,0.01437,0.006428,0.003826,0.19501,0.536102,6.645601
1993,6,1.65183,1.371653,2.753742,5.780633,0.552722,0.287581,0.014436,0.006336,0.000893,0.196963,0.506208,6.843169
1993,7,1.879354,1.453512,2.882407,6.214218,0.593499,0.254885,0.01578,0.006912,0.001403,0.212516,0.491496,7.307749
1993,8,1.861654,1.477754,2.886391,6.23037,0.590418,0.216292,0.016007,0.006907,0.000765,0.261507,0.501478,7.33322
1993,9,1.613322,1.360318,2.845906,5.817883,0.525081,0.188068,0.015439,0.006241,0.001403,0.251085,0.462236,6.815065
1993,10,1.598503,1.568985,2.863767,6.036419,0.466738,0.18759,0.015349,0.005506,0.002933,0.25754,0.468918,6.983065
1993,11,1.616403,1.84491,2.832299,6.294266,0.492243,0.195571,0.015174,0.004506,0.004718,0.26383,0.483799,7.280569
1993,12,1.756016,2.20689,2.962001,6.929841,0.557848,0.231625,0.015621,0.004158,0.002805,0.265367,0.519576,8.017696
1994,1,1.850167,2.615894,2.960062,7.431876,0.594162,0.220026,0.015695,0.003628,0,0.307644,0.546993,8.584502
1994,2,1.609522,2.384642,2.737626,6.733204,0.520733,0.21085,0.014267,0.003851,0.001036,0.245198,0.475202,7.742177
1994,3,1.625221,2.11993,2.85541,6.605446,0.511829,0.243412,0.014471,0.00551,0.005639,0.261749,0.530782,7.663461
1994,4,1.476662,1.709439,2.808397,6.000177,0.451444,0.254767,0.01476,0.006006,0.004258,0.236697,0.516489,6.979179
1994,5,1.542882,1.467024,2.8572,5.872698,0.507184,0.26713,0.014543,0.006599,0.003798,0.202317,0.494387,6.886157
1994,6,1.756627,1.480278,2.869934,6.111767,0.540902,0.258029,0.013144,0.00672,0.003798,0.21514,0.496831,7.161985
1994,7,1.833751,1.488112,2.89421,6.220659,0.61795,0.241004,0.013897,0.006991,0.001956,0.274118,0.537967,7.390644
1994,8,1.815447,1.520623,3.00426,6.345064,0.628207,0.209396,0.015199,0.006783,0.001381,0.25182,0.484579,7.472473
1994,9,1.613611,1.440152,2.797262,5.857132,0.581426,0.171008,0.014102,0.006327,0.003222,0.235954,0.430613,6.881237
1994,10,1.579331,1.54791,2.915802,6.05067,0.529943,0.180671,0.014475,0.005876,0.003683,0.273101,0.477805,7.070616
1994,11,1.531004,1.787308,2.753775,6.07539,0.577783,0.197506,0.014295,0.004633,0.005064,0.261089,0.482586,7.148136
1994,12,1.675238,2.166757,3.000786,6.846502,0.632314,0.229658,0.014616,0.004231,0.001726,0.262708,0.512938,8.004003
1995,1,1.734081,2.483351,2.808457,7.028515,0.665531,0.256445,0.013067,0.003474,0.000059,0.242373,0.515418,8.22088
1995,2,1.564076,2.277657,2.71362,6.561758,0.544873,0.258244,0.009702,0.00378,0.000241,0.205693,0.47766,7.595771
1995,3,1.56238,2.188573,2.875317,6.633216,0.545102,0.294609,0.01067,0.005263,0.000047,0.240022,0.550611,7.74118
1995,4,1.451528,1.86057,2.724874,6.039398,0.518215,0.253408,0.009352,0.006128,0.000071,0.26729,0.536248,7.105608
1995,5,1.525782,1.65096,2.85098,6.035281,0.571444,0.286483,0.008606,0.006883,0.004214,0.225827,0.532012,7.150668
1995,6,1.666155,1.488465,2.908882,6.06616,0.592394,0.311683,0.009317,0.007076,0.00514,0.227957,0.561172,7.231937
1995,7,1.892732,1.62458,2.839761,6.361742,0.651824,0.283275,0.010066,0.007296,0.006392,0.293238,0.600268,7.626033
1995,8,1.984136,1.695992,2.989667,6.674332,0.64787,0.251378,0.016447,0.007204,0.005628,0.299676,0.580333,7.917379
1995,9,1.663762,1.491992,2.877042,6.040399,0.585133,0.20652,0.01183,0.006449,0.005907,0.268833,0.499538,7.135606
1995,10,1.615666,1.561282,2.901343,6.083335,0.570461,0.238738,0.019182,0.005757,0.002646,0.294565,0.560889,7.22426
1995,11,1.642728,1.956143,2.846051,6.451528,0.553807,0.263386,0.017276,0.004678,0.001291,0.272494,0.559124,7.572346
1995,12,1.785701,2.391574,3.006425,7.187681,0.628781,0.301139,0.016542,0.004278,0.000994,0.263176,0.586128,8.410372
1996,1,1.846331,2.657495,2.991233,7.499915,0.661075,0.317658,0.0113,0.00359,0.001523,0.273586,0.607656,8.776632
1996,2,1.674298,2.40481,2.851097,6.934096,0.587409,0.328772,0.011418,0.003922,0.001156,0.227637,0.572905,8.104038
1996,3,1.676263,2.281463,3.00658,6.969688,0.582642,0.350334,0.010872,0.005744,0.001939,0.259726,0.628615,8.191767
1996,4,1.51701,1.897379,2.848845,6.266615,0.528566,0.329254,0.012137,0.006425,0.002527,0.205781,0.556124,7.361878
1996,5,1.624761,1.680076,2.966258,6.272672,0.584355,0.343915,0.008603,0.00713,0.00405,0.232082,0.59578,7.46309
1996,6,1.754707,1.566541,2.899714,6.221216,0.603899,0.330103,0.012207,0.007244,0.003885,0.254723,0.608162,7.446041
1996,7,1.903677,1.569717,3.017311,6.492192,0.640194,0.29856,0.017,0.00735,0.005533,0.281563,0.610006,7.757828
1996,8,1.92362,1.602561,3.088065,6.611527,0.645688,0.271592,0.017542,0.006875,0.004291,0.294661,0.594961,7.869469
1996,9,1.719606,1.505677,2.821743,6.048659,0.573389,0.228911,0.015298,0.006073,0.003634,0.258648,0.512565,7.147233
1996,10,1.722898,1.617748,3.165775,6.507758,0.531582,0.233632,0.016305,0.005733,0.002616,0.308935,0.567221,7.617372
1996,11,1.770365,1.969258,2.934448,6.676654,0.54754,0.243572,0.016486,0.004669,0.001021,0.295468,0.561216,7.795705
1996,12,1.868379,2.331923,2.999203,7.198654,0.600336,0.313353,0.014191,0.004415,0.001265,0.263996,0.597221,8.404844
1997,1,1.931005,2.595436,3.037625,7.567747,0.618248,0.336616,0.012781,0.003532,0.00123,0.274968,0.629127,8.823702
1997,2,1.642436,2.323114,2.716514,6.685037,0.531601,0.321859,0.009767,0.004028,0.001112,0.226674,0.56344,7.787032
1997,3,1.674451,2.202891,2.938412,6.818842,0.529045,0.357387,0.013424,0.005527,0.001517,0.250862,0.628717,7.985146
1997,4,1.595009,1.881259,2.958492,6.438344,0.471001,0.327586,0.014657,0.006219,0.003309,0.251878,0.603648,7.523073
1997,5,1.629447,1.683297,3.019662,6.334819,0.493552,0.34912,0.014331,0.006706,0.003579,0.266486,0.640222,7.476447
1997,6,1.744437,1.569908,2.98354,6.301964,0.546683,0.351899,0.011918,0.00702,0.005281,0.230961,0.607079,7.465961
1997,7,1.988514,1.706443,3.163791,6.864248,0.601853,0.323304,0.015455,0.007271,0.005203,0.259829,0.611062,8.090954
1997,8,1.941613,1.671787,3.066138,6.688172,0.641012,0.274788,0.015283,0.007079,0.005416,0.264502,0.567068,7.909856
1997,9,1.806164,1.571904,2.961127,6.338503,0.551839,0.23897,0.014604,0.00624,0.002657,0.249998,0.51247,7.412831
1997,10,1.812595,1.631616,3.144571,6.594252,0.493021,0.252613,0.014497,0.005706,0.002804,0.306693,0.582313,7.677186
1997,11,1.759272,1.970957,2.94465,6.676918,0.537176,0.242156,0.014404,0.004575,0.000742,0.264834,0.526711,7.749814
1997,12,1.920468,2.414106,3.13188,7.472125,0.581961,0.26416,0.015576,0.004305,0.00073,0.257536,0.542307,8.606328
1998,1,1.891535,2.508274,2.995854,7.403689,0.607312,0.29386,0.015811,0.003468,0.000177,0.277781,0.591097,8.607437
1998,2,1.660188,2.197926,2.708612,6.569874,0.535028,0.30587,0.012721,0.003711,0.000083,0.212823,0.53521,7.64498
1998,3,1.722384,2.232614,3.054294,7.012227,0.563483,0.323122,0.015674,0.005527,0.000063,0.242115,0.5865,8.16864
1998,4,1.602345,1.803886,3.044046,6.454305,0.498354,0.291715,0.010788,0.006097,0.000876,0.239214,0.548691,7.510104
1998,5,1.737653,1.634215,3.044732,6.421263,0.540248,0.338499,0.009908,0.006491,0.001461,0.249466,0.605824,7.574503
1998,6,1.865706,1.630555,3.080405,6.585208,0.584683,0.329782,0.011755,0.006843,0.004027,0.185191,0.537599,7.714757
1998,7,2.042377,1.768645,3.235903,7.053682,0.645187,0.292237,0.014565,0.007294,0.005582,0.246062,0.56574,8.276443
1998,8,2.039581,1.782247,3.208853,7.040388,0.633331,0.256055,0.015558,0.007143,0.004299,0.254189,0.537245,8.225686
1998,9,1.841326,1.636834,3.034732,6.519245,0.600147,0.212368,0.015259,0.006367,0.004852,0.247917,0.486761,7.615079
1998,10,1.75168,1.592778,3.162602,6.514528,0.602492,0.192567,0.016743,0.005703,0.003047,0.268751,0.486811,7.608859
1998,11,1.666298,1.807508,2.96771,6.445165,0.601894,0.20415,0.015035,0.00457,0.001847,0.230044,0.455646,7.505881
1998,12,1.83467,2.234747,3.183179,7.254417,0.655652,0.256829,0.014633,0.004281,0.004539,0.273938,0.554219,8.468996
1999,1,1.899404,2.611701,3.110744,7.627163,0.686455,0.301877,0.015171,0.003386,0.003446,0.271688,0.595568,8.911858
1999,2,1.64394,2.192185,2.833787,6.672181,0.600763,0.293419,0.012383,0.003709,0.003159,0.220435,0.533105,7.808517
1999,3,1.720541,2.25963,3.20149,7.188621,0.614858,0.328047,0.014471,0.005305,0.004568,0.211349,0.563739,8.369508
1999,4,1.637055,1.897575,3.046751,6.590746,0.507129,0.279566,0.012382,0.005975,0.003818,0.247537,0.549277,7.655644
1999,5,1.711331,1.619282,3.08547,6.418875,0.585793,0.296517,0.015035,0.006625,0.002818,0.287953,0.608948,7.622287
1999,6,1.838709,1.565126,3.165625,6.571305,0.651038,0.312577,0.013986,0.006707,0.002596,0.23739,0.573257,7.804112
1999,7,2.079309,1.723955,3.261008,7.067383,0.698212,0.303567,0.014153,0.007012,0.004664,0.264247,0.593643,8.368275
1999,8,2.016484,1.762724,3.323084,7.108281,0.712091,0.263077,0.014417,0.006825,0.003909,0.258368,0.546596,8.376907
1999,9,1.813848,1.564501,3.099364,6.479405,0.636771,0.21364,0.014426,0.006103,0.003859,0.243235,0.481263,7.611091
1999,10,1.743987,1.665213,3.253606,6.666627,0.578335,0.203526,0.014953,0.005706,0.004281,0.22879,0.457255,7.713484
1999,11,1.689054,1.771239,3.025099,6.494068,0.632772,0.216417,0.014216,0.004529,0.003622,0.255675,0.49446,7.633346
1999,12,1.828883,2.2761,3.327539,7.43838,0.706037,0.255344,0.015328,0.004239,0.005155,0.236623,0.516689,8.670985
2000,1,2.021217,2.586507,3.080283,7.692062,0.737981,0.258518,0.014724,0.003262,0.006583,0.222442,0.505528,8.945504
2000,2,1.833478,2.390781,2.990777,7.222425,0.669318,0.229354,0.013606,0.003632,0.007201,0.245205,0.498999,8.402205
2000,3,1.799109,2.129675,3.136901,7.071465,0.654279,0.272397,0.013848,0.004986,0.003571,0.263681,0.558482,8.293302
2000,4,1.629003,1.866071,2.985218,6.486421,0.607585,0.290623,0.014367,0.005564,0.003367,0.253235,0.567156,7.669707
2000,5,1.776114,1.772935,3.232871,6.789661,0.667205,0.279719,0.013885,0.006285,0.004163,0.254782,0.558834,8.025775
2000,6,1.928198,1.650324,3.200417,6.783197,0.701857,0.256913,0.013563,0.006372,0.00456,0.226346,0.507753,8.002829
2000,7,2.008226,1.705206,3.251586,6.970518,0.719306,0.246155,0.013983,0.006907,0.003876,0.254682,0.525603,8.230406
2000,8,2.078449,1.850883,3.383328,7.320572,0.701102,0.224228,0.014003,0.00668,0.00384,0.256683,0.505433,8.542562
2000,9,1.854721,1.595644,3.17254,6.629874,0.607662,0.181584,0.011971,0.006105,0.003391,0.240508,0.443558,7.692331
2000,10,1.839302,1.642844,3.250546,6.738354,0.547207,0.175315,0.012837,0.0054,0.004197,0.271693,0.469441,7.760537
2000,11,1.826174,1.968807,3.06024,6.858912,0.58894,0.195459,0.013383,0.004297,0.008396,0.262899,0.484435,7.93999
2000,12,1.985538,2.664303,3.408174,8.058291,0.65991,0.200852,0.014194,0.004042,0.003914,0.256071,0.479073,9.198448
2001,1,2.002949,2.74295,3.309276,8.058063,0.717508,0.194798,0.014612,0.003109,0.004022,0.230534,0.447075,9.22901
2001,2,1.731656,2.366588,2.926383,7.026546,0.639868,0.180547,0.012812,0.003408,0.004456,0.203263,0.404487,8.072484
2001,3,1.788025,2.301316,3.270197,7.362239,0.648935,0.211591,0.014206,0.004843,0.005498,0.220006,0.456144,8.473235
2001,4,1.620019,1.851132,3.144434,6.620594,0.58484,0.186128,0.013162,0.005379,0.007075,0.2128,0.424544,7.638091
2001,5,1.748867,1.558642,3.23105,6.542012,0.642374,0.198142,0.01298,0.006334,0.006562,0.210861,0.434878,7.629046
2001,6,1.860899,1.479031,3.140311,6.482683,0.710365,0.214179,0.013088,0.006487,0.006919,0.210598,0.451271,7.652575
2001,7,2.049665,1.635115,3.290953,6.97562,0.722301,0.186812,0.014087,0.006772,0.006561,0.224217,0.438449,8.14438
2001,8,2.089949,1.709253,3.333078,7.134657,0.714192,0.195436,0.01397,0.006643,0.005964,0.223552,0.445566,8.30326
2001,9,1.792281,1.529042,3.019016,6.340761,0.661861,0.157641,0.013617,0.005924,0.005066,0.213593,0.39584,7.40056
2001,10,1.726261,1.687909,3.252155,6.670422,0.631394,0.157418,0.013913,0.005004,0.00627,0.229675,0.412281,7.717436
2001,11,1.674629,1.740611,3.070881,6.487865,0.651034,0.159262,0.013805,0.004076,0.004861,0.219018,0.401022,7.543843
2001,12,1.829069,2.170971,3.095939,7.0983,0.704181,0.199905,0.014208,0.003771,0.006362,0.224239,0.448485,8.259892
2002,1,1.848766,2.541086,3.17915,7.568672,0.740608,0.22172,0.015114,0.003063,0.008254,0.226851,0.475003,8.792693
2002,2,1.634422,2.290544,2.849592,6.777398,0.643836,0.20541,0.013339,0.003418,0.007263,0.19937,0.4288,7.856619
2002,3,1.713009,2.30598,3.212428,7.23929,0.65827,0.213723,0.014682,0.004831,0.008668,0.214601,0.456504,8.359275
2002,4,1.616337,1.921276,3.118092,6.654541,0.6102,0.246661,0.013292,0.005293,0.010421,0.212366,0.488033,7.75851
2002,5,1.718424,1.64523,3.244952,6.612856,0.658182,0.27124,0.014386,0.005914,0.010963,0.224755,0.527257,7.800433
2002,6,1.861288,1.624904,3.169198,6.657799,0.693055,0.287009,0.013659,0.006348,0.011458,0.214539,0.533013,7.890056
2002,7,2.053634,1.784155,3.305389,7.152411,0.735334,0.259113,0.014857,0.006514,0.009059,0.236261,0.525803,8.425786
2002,8,2.033812,1.761258,3.324274,7.126571,0.739061,0.214487,0.0145,0.006347,0.009936,0.223963,0.469232,8.344968
2002,9,1.875494,1.574066,3.092413,6.550505,0.673308,0.173824,0.014109,0.005629,0.007486,0.229971,0.431019,7.660322
2002,10,1.817247,1.679165,3.217291,6.720017,0.631668,0.174684,0.014581,0.004957,0.007471,0.243674,0.445367,7.801565
2002,11,1.787389,1.953127,3.158677,6.909449,0.642395,0.200714,0.014051,0.004095,0.006673,0.232533,0.458065,8.013093
2002,12,1.944168,2.429293,3.245966,7.622747,0.719511,0.220434,0.014594,0.003659,0.007683,0.241737,0.488107,8.832163
2003,1,2.018845,2.769865,3.249706,8.039713,0.721318,0.208576,0.015061,0.003012,0.006402,0.234717,0.467768,9.233323
2003,2,1.774317,2.564363,3.000071,7.352223,0.635136,0.200271,0.013547,0.003283,0.007547,0.216118,0.440766,8.431302
2003,3,1.756996,2.253849,3.236521,7.250885,0.624624,0.245048,0.014607,0.004781,0.010491,0.231195,0.506122,8.382907
2003,4,1.616938,1.787626,3.155276,6.563808,0.591715,0.250685,0.014062,0.005322,0.011064,0.228736,0.509869,7.668247
2003,5,1.710249,1.55118,3.19335,6.456592,0.648269,0.297627,0.01416,0.005889,0.01019,0.229825,0.557691,7.663915
2003,6,1.845179,1.401748,3.17341,6.424067,0.668892,0.289436,0.014633,0.006166,0.010602,0.227395,0.548232,7.642524
2003,7,2.046458,1.639346,3.324272,7.014799,0.725921,0.251536,0.01476,0.006141,0.009653,0.241766,0.523856,8.272435
2003,8,2.076858,1.691505,3.39274,7.162053,0.719367,0.232592,0.014674,0.00608,0.008256,0.240779,0.502381,8.391328
2003,9,1.865606,1.463482,3.166315,6.499037,0.662669,0.187115,0.014437,0.005538,0.009062,0.229274,0.445427,7.605784
2003,10,1.802107,1.591264,3.3109,6.708386,0.625489,0.186588,0.014431,0.004891,0.009084,0.237129,0.452123,7.781223
2003,11,1.813367,1.796227,3.140625,6.753287,0.621151,0.199617,0.013908,0.00386,0.009735,0.236682,0.463802,7.83561
2003,12,1.994007,2.320191,3.363816,7.684241,0.715071,0.243449,0.015164,0.003572,0.011187,0.252855,0.526226,8.926281
2004,1,2.025102,2.738805,3.328361,8.096323,0.738367,0.230201,0.015493,0.002983,0.01001,0.256495,0.515182,9.350304
2004,2,1.830837,2.570153,3.179591,7.589798,0.668455,0.209471,0.014522,0.003189,0.010232,0.238543,0.475956,8.733811
2004,3,1.746479,2.149567,3.357784,7.263378,0.659937,0.229509,0.014954,0.004774,0.012933,0.24863,0.5108,8.430967
2004,4,1.616,1.785159,3.267693,6.692449,0.611292,0.209214,0.014075,0.005247,0.012969,0.248412,0.489917,7.793673
2004,5,1.779319,1.607812,3.341184,6.765564,0.676959,0.240581,0.014619,0.005982,0.017044,0.244964,0.52319,7.966313
2004,6,1.886474,1.520787,3.311893,6.739287,0.706331,0.252927,0.014709,0.00609,0.013994,0.246754,0.534475,7.982283
2004,7,2.042463,1.623573,3.446458,7.121877,0.750556,0.233556,0.01532,0.006291,0.011662,0.257191,0.52402,8.406337
2004,8,2.015186,1.613918,3.463136,7.099052,0.741102,0.216265,0.015116,0.006142,0.010524,0.254388,0.502435,8.354285
2004,9,1.8778,1.51531,3.268051,6.65937,0.687539,0.205581,0.014345,0.005544,0.010914,0.243852,0.480236,7.830388
2004,10,1.80633,1.591805,3.413226,6.817708,0.652067,0.18893,0.015308,0.004835,0.010305,0.254761,0.474139,7.947538
2004,11,1.819334,1.823223,3.296767,6.945019,0.614635,0.209705,0.014582,0.003844,0.009337,0.248184,0.485653,8.050412
2004,12,2.020872,2.382949,3.465109,7.876444,0.715534,0.262527,0.015104,0.003581,0.011739,0.265897,0.558847,9.156182
2005,1,2.012518,2.629461,3.363017,8.015701,0.728728,0.242697,0.015391,0.002935,0.011315,0.265619,0.537957,9.287429
2005,2,1.77599,2.300506,3.0628,7.152356,0.636042,0.216046,0.013222,0.003201,0.009664,0.247041,0.489174,8.283712
2005,3,1.845437,2.261281,3.436279,7.55195,0.642216,0.229338,0.014912,0.004612,0.015605,0.259499,0.523965,8.726282
2005,4,1.637086,1.767992,3.20424,6.615682,0.579031,0.230561,0.014648,0.005245,0.016973,0.246323,0.51375,7.714735
2005,5,1.748602,1.560987,3.39389,6.708309,0.65716,0.272758,0.015513,0.005959,0.017463,0.256686,0.568378,7.939029
2005,6,1.953828,1.571608,3.387677,6.914146,0.690282,0.267803,0.015257,0.006078,0.017967,0.255114,0.562221,8.172075
2005,7,2.094019,1.72836,3.439332,7.266962,0.741687,0.259542,0.015596,0.006176,0.014208,0.267028,0.56255,8.580751
2005,8,2.116709,1.736863,3.563507,7.413572,0.744938,0.215635,0.015407,0.006154,0.011379,0.26873,0.517306,8.687819
2005,9,1.93733,1.456699,3.230581,6.621822,0.696488,0.173619,0.015003,0.005532,0.014682,0.255836,0.464673,7.789281
2005,10,1.851885,1.462061,3.347469,6.660177,0.639055,0.180046,0.015341,0.004862,0.01446,0.262388,0.477098,7.782715
2005,11,1.802265,1.704151,3.281463,6.78902,0.656557,0.193507,0.014973,0.003807,0.016095,0.258577,0.486959,7.939547
2005,12,2.020875,2.385397,3.506313,7.91297,0.748627,0.221389,0.015438,0.00352,0.018276,0.271089,0.529713,9.198389
2006,1,1.909554,2.220166,3.338662,7.470393,0.750397,0.272144,0.015313,0.003162,0.023633,0.27522,0.589472,8.815186
2006,2,1.780597,2.198556,3.021778,7.004642,0.653394,0.245611,0.013834,0.003463,0.019064,0.245044,0.527016,8.190426
2006,3,1.81381,2.179727,3.361845,7.361981,0.664927,0.244251,0.015628,0.004836,0.023395,0.263614,0.551725,8.584288
2006,4,1.602757,1.723031,3.19465,6.523944,0.600714,0.283244,0.014216,0.005482,0.024517,0.252265,0.579724,7.709169
2006,5,1.765643,1.564935,3.343931,6.678094,0.655064,0.305688,0.013984,0.006183,0.024388,0.267851,0.618094,7.956212
2006,6,1.903022,1.588425,3.322214,6.819267,0.713665,0.295163,0.014911,0.006222,0.020351,0.27164,0.608287,8.146062
2006,7,2.101758,1.802412,3.386528,7.294424,0.753266,0.252333,0.015628,0.006418,0.019392,0.280203,0.573974,8.632133
2006,8,2.123005,1.79505,3.511486,7.432139,0.751488,0.215524,0.015902,0.006569,0.016418,0.282741,0.537154,8.731275
2006,9,1.843209,1.497401,3.252845,6.606302,0.695413,0.170621,0.015112,0.005776,0.018639,0.273896,0.484045,7.785762
2006,10,1.84049,1.684294,3.384152,6.921649,0.60011,0.16917,0.015766,0.005096,0.024223,0.282458,0.496715,8.01968
2006,11,1.807172,1.809025,3.2453,6.862516,0.640629,0.201075,0.014993,0.004073,0.025199,0.277249,0.52259,8.028324
2006,12,1.956143,2.175717,3.367123,7.501847,0.73556,0.21421,0.015913,0.003746,0.024517,0.289959,0.548344,8.793294
2007,1,1.991341,2.535185,3.308294,7.838025,0.776251,0.257426,0.016297,0.003375,0.024239,0.295687,0.597023,9.217789
2007,2,1.834678,2.629609,3.100993,7.566001,0.684143,0.183513,0.014248,0.003691,0.024906,0.26465,0.491007,8.750832
2007,3,1.795345,2.179702,3.323562,7.29742,0.674497,0.238832,0.015392,0.005303,0.030117,0.287435,0.57708,8.555148
2007,4,1.664669,1.853482,3.219895,6.739492,0.601035,0.236135,0.014824,0.005855,0.031349,0.277639,0.565801,7.915978
2007,5,1.774994,1.598472,3.349831,6.726061,0.682043,0.257448,0.014904,0.006702,0.029181,0.285363,0.593598,8.01359
2007,6,1.947326,1.592406,3.253306,6.798607,0.722934,0.225519,0.015616,0.006757,0.0259,0.284184,0.557977,8.090384
2007,7,2.082997,1.700412,3.364006,7.145962,0.762954,0.22217,0.015849,0.007065,0.021333,0.295092,0.56151,8.48329
2007,8,2.133506,1.942316,3.416924,7.49518,0.763084,0.197092,0.015891,0.006896,0.026681,0.295746,0.542305,8.81248
2007,9,1.907819,1.628035,3.198503,6.737768,0.708832,0.145715,0.015414,0.006286,0.028335,0.28664,0.48239,7.933705
2007,10,1.831655,1.66616,3.30936,6.807023,0.647062,0.146248,0.015989,0.005601,0.033374,0.302388,0.5036,7.964549
2007,11,1.801219,1.877753,3.199561,6.883434,0.680729,0.155001,0.015347,0.004436,0.030591,0.296006,0.501382,8.074189
2007,12,1.983916,2.459226,3.323381,7.770058,0.755027,0.181289,0.016003,0.004036,0.034497,0.313995,0.54982,9.081813
2008,1,2.025644,2.802167,3.234632,8.066247,0.739318,0.204758,0.015825,0.003752,0.042108,0.327188,0.59363,9.41029
2008,2,1.866872,2.565362,2.982842,7.416912,0.680743,0.185146,0.014369,0.004225,0.037955,0.299991,0.541686,8.649759
2008,3,1.801188,2.333853,3.161089,7.303725,0.676417,0.213526,0.016239,0.00607,0.047122,0.313922,0.596878,8.584342
2008,4,1.667478,1.867975,3.074086,6.617114,0.599242,0.219093,0.01579,0.006807,0.05149,0.31325,0.60643,7.832112
2008,5,1.754297,1.614659,3.167792,6.539491,0.67756,0.268237,0.016318,0.007464,0.052623,0.320296,0.664939,7.889878
2008,6,1.918698,1.643025,3.047686,6.618345,0.734978,0.287514,0.016206,0.007812,0.050653,0.311788,0.673973,8.03667
2008,7,2.092275,1.750827,3.125737,6.974474,0.776775,0.25182,0.016514,0.007968,0.039499,0.33018,0.645981,8.411947
2008,8,2.045647,1.723791,3.070336,6.840556,0.758994,0.209193,0.016454,0.007841,0.032167,0.33184,0.597497,8.21186
2008,9,1.836245,1.494838,2.771451,6.104693,0.700847,0.15942,0.015944,0.007118,0.03066,0.319736,0.532877,7.348855
2008,10,1.736712,1.673995,3.152204,6.563795,0.656598,0.152441,0.016495,0.006249,0.04687,0.331946,0.554001,7.779875
2008,11,1.741143,1.913676,2.932666,6.588885,0.662742,0.154392,0.01594,0.004924,0.049207,0.324878,0.549341,7.805137
2008,12,1.901237,2.458786,3.048861,7.40631,0.762278,0.205569,0.016339,0.004588,0.065193,0.326377,0.618066,8.793599
2009,1,1.903992,2.79216,3.027863,7.722378,0.775038,0.229265,0.01714,0.003878,0.05808,0.313715,0.622078,9.126375
2009,2,1.581659,2.384794,2.684451,6.649806,0.671752,0.173845,0.015517,0.004402,0.057117,0.286141,0.537023,7.866614
2009,3,1.536126,2.218983,2.961044,6.714718,0.703269,0.213036,0.017252,0.006418,0.069287,0.317339,0.623332,8.045558
2009,4,1.421731,1.779264,2.853152,6.051653,0.621353,0.251513,0.016341,0.007204,0.072787,0.307442,0.655288,7.334454
2009,5,1.485788,1.536921,2.86846,5.889515,0.683971,0.288502,0.016616,0.007959,0.061117,0.323274,0.697469,7.280292
2009,6,1.654827,1.561083,2.888495,6.102856,0.729356,0.285318,0.016212,0.007953,0.05465,0.323707,0.68784,7.530644
2009,7,1.759589,1.694878,2.93252,6.385124,0.762973,0.228235,0.016814,0.008472,0.04836,0.343778,0.645659,7.807674
2009,8,1.810859,1.775076,2.983297,6.565902,0.755606,0.191105,0.016773,0.008349,0.053333,0.348901,0.618461,7.955239
2009,9,1.554736,1.608916,2.834324,5.996211,0.687698,0.169421,0.016289,0.007506,0.045391,0.330682,0.56929,7.263741
2009,10,1.579969,1.702122,2.937771,6.216283,0.606841,0.192185,0.016479,0.006661,0.066501,0.347009,0.628834,7.463399
2009,11,1.549706,1.814114,2.8111,6.173966,0.617805,0.205035,0.016841,0.005313,0.067102,0.343246,0.637537,7.438
2009,12,1.852224,2.547629,2.996666,7.394065,0.739558,0.241363,0.017912,0.004876,0.067403,0.354782,0.686335,8.831041
2010,1,1.917331,2.86903,2.892448,7.674596,0.758495,0.218369,0.017852,0.004468,0.066871,0.367294,0.674854,9.12207
2010,2,1.708841,2.533045,2.644636,6.890472,0.681945,0.200874,0.015872,0.005033,0.052993,0.342116,0.616888,8.200866
2010,3,1.638165,2.186711,2.988986,6.81611,0.675562,0.203761,0.017801,0.007235,0.083795,0.374892,0.687483,8.189559
2010,4,1.446342,1.725374,2.906005,6.078281,0.602151,0.186307,0.01699,0.008252,0.095262,0.365582,0.672394,7.361723
2010,5,1.620805,1.648905,2.961855,6.233575,0.696713,0.244673,0.017839,0.009395,0.084853,0.374413,0.731173,7.665975
2010,6,1.847581,1.682136,2.973783,6.504583,0.713885,0.291254,0.017219,0.009689,0.078526,0.37448,0.771168,7.998152
2010,7,1.998568,1.862228,3.026082,6.887004,0.75164,0.239186,0.017479,0.009943,0.065598,0.385875,0.718081,8.366321
2010,8,1.99481,1.916484,3.087218,6.999945,0.748093,0.196283,0.017706,0.009807,0.065227,0.387501,0.676525,8.430768
2010,9,1.696615,1.669663,2.951903,6.317627,0.725068,0.168439,0.01711,0.008896,0.069321,0.374086,0.637853,7.682324
2010,10,1.52186,1.69746,2.956527,6.173845,0.655872,0.172515,0.016975,0.00762,0.0775,0.383983,0.658593,7.489785
2010,11,1.563713,2.013095,2.867965,6.439027,0.654872,0.190842,0.017108,0.006396,0.095098,0.380095,0.68954,7.786146
2010,12,1.879339,2.770623,3.063096,7.70799,0.770138,0.226037,0.018027,0.005793,0.088383,0.395319,0.73356,9.220542
2011,1,1.88754,2.947202,2.941462,7.776325,0.761181,0.24806,0.01848,0.00563,0.083077,0.384854,0.740101,9.286777
2011,2,1.559705,2.50194,2.637718,6.699789,0.677953,0.234459,0.016676,0.006481,0.101547,0.352374,0.711537,8.096854
2011,3,1.543832,2.27445,2.992478,6.812883,0.687083,0.302503,0.018388,0.008976,0.102452,0.384329,0.816648,8.325084
2011,4,1.420945,1.860165,2.811115,6.092503,0.570783,0.303084,0.017258,0.010177,0.120689,0.364286,0.815493,7.486272
2011,5,1.550327,1.698892,2.869596,6.120641,0.596583,0.316615,0.018194,0.011328,0.114378,0.37911,0.839626,7.569207
2011,6,1.757176,1.688805,2.901812,6.349218,0.682987,0.312381,0.01702,0.011726,0.106731,0.389087,0.836944,7.879953
2011,7,1.952516,1.926916,2.92215,6.801611,0.757017,0.303962,0.017723,0.011894,0.07276,0.389828,0.796166,8.371063
2011,8,1.916144,1.92815,3.029145,6.877569,0.746487,0.250319,0.017777,0.012159,0.072613,0.402432,0.755301,8.394966
2011,9,1.613884,1.686983,2.85795,6.159359,0.699506,0.207705,0.017127,0.010864,0.066739,0.380432,0.682866,7.552035
2011,10,1.475112,1.777421,2.930054,6.182237,0.662758,0.192254,0.017836,0.0098,0.102265,0.389052,0.711207,7.565711
2011,11,1.425056,2.07127,2.861143,6.355753,0.674655,0.200932,0.01757,0.007816,0.120853,0.389976,0.737148,7.775544
2011,12,1.555548,2.592346,2.884551,7.034714,0.751706,0.23058,0.018261,0.007601,0.103532,0.410732,0.770705,8.568678
2012,1,1.491043,2.816977,2.834042,7.144212,0.758482,0.219888,0.0174,0.007466,0.129726,0.378211,0.75269,8.666355
2012,2,1.338104,2.555762,2.697773,6.591734,0.669053,0.193017,0.016387,0.008357,0.105171,0.361337,0.684269,7.954506
2012,3,1.232736,2.173561,2.806975,6.215814,0.646854,0.246546,0.017608,0.011942,0.133476,0.381016,0.790588,7.663517
2012,4,1.112027,1.994864,2.727073,5.839891,0.585471,0.250215,0.017084,0.01377,0.120941,0.365258,0.767268,7.205389
2012,5,1.329279,1.913537,2.880805,6.124276,0.650551,0.272562,0.017787,0.016255,0.119336,0.384623,0.810563,7.600137
2012,6,1.497893,1.90813,2.841532,6.247402,0.682603,0.253685,0.017361,0.016975,0.113928,0.377961,0.77991,7.724107
2012,7,1.789989,2.114077,2.885951,6.789834,0.724406,0.252091,0.017946,0.017404,0.083946,0.380753,0.752139,8.285714
2012,8,1.718283,2.051682,2.976717,6.746537,0.729361,0.219192,0.017786,0.016816,0.08059,0.391634,0.726017,8.220671
2012,9,1.455586,1.845379,2.71936,6.019045,0.67601,0.167517,0.017576,0.015692,0.083642,0.365918,0.650345,7.359055
2012,10,1.402746,1.941321,2.895526,6.236452,0.626049,0.15702,0.018027,0.014434,0.120241,0.379735,0.689455,7.564448
2012,11,1.472029,2.214645,2.778067,6.462099,0.594293,0.178257,0.018023,0.011777,0.110848,0.369367,0.688272,7.757953
2012,12,1.53852,2.55865,2.789278,6.886605,0.718688,0.218713,0.018608,0.011361,0.138215,0.381123,0.768019,8.384662
2013,1,1.572497,2.95182,2.890235,7.413982,0.746119,0.236889,0.018578,0.010475,0.14062,0.390743,0.797304,8.972153
2013,2,1.41441,2.632217,2.588981,6.636237,0.64244,0.194813,0.016666,0.012233,0.134295,0.356257,0.714264,8.007429
2013,3,1.481315,2.584486,2.855265,6.918264,0.657737,0.195918,0.018543,0.017077,0.150325,0.399652,0.781514,8.3733
2013,4,1.28707,2.015981,2.774659,6.076252,0.593157,0.239451,0.017376,0.018669,0.166741,0.388467,0.830705,7.51368
2013,5,1.363673,1.795051,2.901584,6.060583,0.6567,0.271442,0.01787,0.020769,0.154933,0.405242,0.870257,7.604649
2013,6,1.564343,1.785401,2.816439,6.163129,0.694124,0.261271,0.017415,0.022017,0.131171,0.407273,0.839147,7.715212
2013,7,1.722982,1.973521,2.985012,6.679546,0.737064,0.260036,0.018148,0.0223,0.105844,0.419772,0.826101,8.262746
2013,8,1.700671,1.974609,2.964994,6.638514,0.745477,0.206403,0.018011,0.02325,0.091917,0.417015,0.756596,8.161546
2013,9,1.520094,1.810038,2.880053,6.209405,0.687533,0.161826,0.017616,0.022042,0.111382,0.403071,0.715938,7.629706
2013,10,1.401506,1.912351,2.962459,6.275289,0.660205,0.164092,0.018402,0.021261,0.130092,0.422721,0.756568,7.706898
2013,11,1.393993,2.374758,2.890335,6.656275,0.678929,0.168655,0.016959,0.017577,0.150779,0.414747,0.768716,8.119832
2013,12,1.616079,2.994905,2.887915,7.496801,0.744947,0.201585,0.018423,0.017328,0.13326,0.436071,0.806667,9.062807
2014,1,1.74661,3.301739,2.934395,7.981908,0.765208,0.205737,0.018279,0.016542,0.170336,0.414238,0.825132,9.586525
2014,2,1.599885,2.824408,2.622714,7.045436,0.655141,0.165437,0.016342,0.017939,0.133222,0.379248,0.712188,8.423493
2014,3,1.52349,2.634668,2.832767,6.99032,0.652611,0.230685,0.018114,0.026187,0.168668,0.418492,0.862147,8.51752
2014,4,1.239603,2.019421,2.819766,6.07762,0.589726,0.241934,0.017711,0.029029,0.177224,0.406913,0.872811,7.55194
2014,5,1.356781,1.862981,2.881629,6.099528,0.658367,0.252432,0.018064,0.033086,0.148369,0.418502,0.870454,7.64392
2014,6,1.558821,1.796176,2.824066,6.178278,0.712658,0.244824,0.017519,0.034867,0.150247,0.418861,0.866318,7.772431
2014,7,1.70228,1.935907,2.982771,6.61897,0.752422,0.231639,0.017942,0.034299,0.115902,0.434169,0.833952,8.22332
2014,8,1.69355,1.989587,2.982831,6.662978,0.743936,0.188367,0.018034,0.035031,0.096722,0.433983,0.772137,8.198891
2014,9,1.456971,1.86203,2.873933,6.190374,0.706343,0.152867,0.017654,0.033184,0.109553,0.410079,0.723337,7.63803
2014,10,1.304013,1.968636,3.040751,6.311486,0.652547,0.163184,0.018185,0.03086,0.13797,0.425867,0.776066,7.755184
2014,11,1.375805,2.427781,2.8778,6.679229,0.681301,0.177123,0.018176,0.025046,0.179424,0.416472,0.816242,8.192835
2014,12,1.439824,2.759504,2.984391,7.180598,0.767299,0.212347,0.018469,0.02135,0.139904,0.438711,0.830781,8.793318
2015,1,1.498062,3.225121,2.961414,7.682537,0.776715,0.224946,0.018085,0.021048,0.141296,0.412264,0.817639,9.294707
2015,2,1.408891,3.02876,2.722946,7.159352,0.66368,0.207684,0.016614,0.025062,0.139054,0.381589,0.770002,8.607429
2015,3,1.238275,2.682045,2.979363,6.899031,0.67503,0.226274,0.018384,0.034925,0.142655,0.414485,0.836722,8.430192
2015,4,1.036587,2.077147,2.872362,5.984159,0.625226,0.209407,0.017077,0.039575,0.166504,0.402734,0.835297,7.46496
2015,5,1.206388,1.92174,2.975375,6.101003,0.688414,0.187549,0.018348,0.042535,0.159833,0.424094,0.83236,7.642273
2015,6,1.438646,1.965222,2.959396,6.36044,0.716542,0.190239,0.017349,0.043229,0.125073,0.421783,0.797672,7.895389
2015,7,1.586788,2.139057,3.109682,6.834754,0.746829,0.195832,0.018036,0.044959,0.127442,0.436867,0.823136,8.426042
2015,8,1.530787,2.12351,3.076788,6.729872,0.75732,0.178199,0.017919,0.045266,0.121893,0.436438,0.799715,8.309123
2015,9,1.351456,1.966653,2.896806,6.214951,0.69521,0.149981,0.016429,0.038976,0.130201,0.417144,0.752731,7.68303
2015,10,1.137837,2.055676,2.992968,6.184823,0.633451,0.154979,0.017722,0.034293,0.152646,0.419379,0.779019,7.612865
2015,11,1.045014,2.32738,2.827707,6.197692,0.63024,0.180209,0.017647,0.029646,0.183414,0.4161,0.827016,7.672648
2015,12,1.070137,2.678785,2.993292,6.741673,0.728229,0.21588,0.018225,0.027219,0.187297,0.432038,0.880659,8.367964
2016,1,1.29718,3.200999,2.918022,7.415254,0.758537,0.236473,0.017675,0.026077,0.170482,0.409139,0.859847,9.054568
2016,2,1.074345,2.745566,2.844096,6.663741,0.686509,0.222851,0.01651,0.035136,0.185916,0.39751,0.857923,8.224827
2016,3,0.867377,2.438381,3.031618,6.3369,0.691851,0.252863,0.01752,0.043408,0.202545,0.420422,0.936758,7.98304
2016,4,0.844204,2.156019,2.886959,5.886045,0.656112,0.238906,0.016366,0.048072,0.192019,0.393995,0.889359,7.446024
2016,5,0.960164,2.033497,2.96594,5.958827,0.696324,0.23529,0.017766,0.05533,0.174004,0.421314,0.903704,7.576566
2016,6,1.314479,2.069855,2.963421,6.347812,0.702587,0.214523,0.016758,0.056391,0.150513,0.419314,0.857499,7.92884
2016,7,1.528865,2.262495,3.034521,6.824567,0.735784,0.198076,0.017484,0.061657,0.162653,0.435478,0.875347,8.45992
2016,8,1.521198,2.285098,3.12859,6.932325,0.748095,0.180666,0.017604,0.061142,0.125457,0.441956,0.826825,8.530317
2016,9,1.296259,2.015024,2.941776,6.251514,0.684522,0.151106,0.017453,0.055455,0.151438,0.416646,0.792099,7.744208
2016,10,1.147161,1.991499,3.02511,6.160696,0.63521,0.160072,0.017871,0.049045,0.187736,0.420066,0.83479,7.648843
2016,11,1.022244,2.234524,2.919385,6.171333,0.681705,0.173638,0.017796,0.041405,0.179153,0.426477,0.838469,7.711991
2016,12,1.352427,2.967399,3.052454,7.37,0.749517,0.207976,0.018801,0.0371,0.213679,0.460759,0.938316,9.074461
2017,1,1.312712,3.014317,2.955618,7.279425,0.764768,0.245323,0.018356,0.036265,0.191619,0.417924,0.909486,8.975976
2017,2,1.011109,2.420363,2.646576,6.076847,0.664778,0.220023,0.016285,0.041848,0.203525,0.381122,0.862803,7.621428
2017,3,1.029337,2.609482,3.076851,6.714135,0.68081,0.272826,0.018173,0.065102,0.237056,0.425446,1.018604,8.430694
2017,4,0.937459,1.996846,2.913214,5.846171,0.593479,0.270949,0.017576,0.071374,0.233807,0.404349,0.998055,7.452908
2017,5,1.065558,1.954749,3.079755,6.098856,0.64127,0.300409,0.017387,0.082185,0.212522,0.426351,1.038855,7.79349
2017,6,1.217991,1.973654,3.056385,6.245456,0.700866,0.28169,0.017046,0.085986,0.185566,0.424675,0.994964,7.958965
2017,7,1.432549,2.213217,3.089753,6.734308,0.745875,0.24505,0.01804,0.081763,0.148514,0.430817,0.924182,8.422125
2017,8,1.355633,2.163859,3.129964,6.645986,0.757067,0.202998,0.01795,0.079021,0.127866,0.442131,0.869966,8.292591
2017,9,1.139638,1.983682,2.92902,6.050237,0.712236,0.176445,0.017486,0.073142,0.165021,0.40814,0.840234,7.618185
2017,10,1.050775,2.09886,3.067165,6.21255,0.690239,0.163053,0.016579,0.06656,0.224509,0.424064,0.894765,7.808618
2017,11,1.068561,2.43674,3.007509,6.509779,0.696756,0.183231,0.017239,0.048172,0.208351,0.423149,0.880143,8.097279
2017,12,1.216143,3.189328,3.091345,7.493366,0.770824,0.204969,0.018115,0.045508,0.204535,0.436446,0.909573,9.187598
2018,1,1.333689,3.456029,3.125916,7.911819,0.780456,0.228183,0.017604,0.048528,0.233052,0.431059,0.958427,9.66464
2018,2,0.963381,2.803588,2.710937,6.47658,0.67738,0.22671,0.016471,0.055447,0.211117,0.388145,0.89789,8.063861
2018,3,0.941137,2.892652,3.159162,6.990649,0.700826,0.235435,0.017836,0.073556,0.240926,0.43144,0.999192,8.705691
2018,4,0.862632,2.430476,2.961549,6.252246,0.618237,0.25596,0.016034,0.086122,0.240627,0.407361,1.006104,7.886506
2018,5,0.993204,2.124184,3.104108,6.219886,0.703833,0.277165,0.017981,0.096405,0.218069,0.43923,1.048849,7.98655
2018,6,1.160101,2.132796,3.089277,6.380783,0.728583,0.251248,0.017053,0.102097,0.224895,0.424019,1.019311,8.143276
2018,7,1.311145,2.430807,3.164602,6.904313,0.757528,0.228506,0.017862,0.097077,0.14973,0.440245,0.93342,8.610394
2018,8,1.309089,2.392477,3.276917,6.97706,0.755713,0.200442,0.017839,0.095071,0.180682,0.446048,0.940081,8.68992
2018,9,1.120034,2.228765,2.975237,6.322819,0.676697,0.174484,0.017308,0.08451,0.168603,0.408369,0.853274,7.863674
2018,10,1.017038,2.361914,3.187121,6.564261,0.620995,0.177967,0.016983,0.072291,0.192949,0.43095,0.891141,8.086068
2018,11,1.081731,2.807712,3.057472,6.943583,0.668643,0.199493,0.017335,0.05562,0.200431,0.421633,0.894512,8.515365
2018,12,1.158351,3.10144,3.079522,7.336542,0.749177,0.207545,0.018558,0.048381,0.221284,0.436031,0.9318,9.02835
2019,1,1.161355,3.550046,3.129623,7.838231,0.769584,0.220824,0.017771,0.052378,0.216404,0.421549,0.928926,9.54814
2019,2,0.949162,3.130155,2.75722,6.835727,0.675753,0.203751,0.016382,0.05633,0.201456,0.391999,0.869917,8.39209
2019,3,0.932727,3.034601,3.064924,7.031288,0.679562,0.234504,0.018061,0.083911,0.229506,0.423296,0.989278,8.70832
2019,4,0.719249,2.292548,3.000967,6.011698,0.632586,0.247739,0.016386,0.095075,0.257491,0.407599,1.024289,7.676715
2019,5,0.850009,2.211003,3.116378,6.175787,0.700904,0.2848,0.017342,0.101994,0.229565,0.432173,1.065875,7.952943
2019,6,0.931168,2.195729,3.064677,6.189718,0.718461,0.250032,0.017047,0.109795,0.199881,0.421329,0.998086,7.918651
2019,7,1.1537,2.480888,3.178685,6.811535,0.753898,0.221515,0.017641,0.112915,0.196807,0.436704,0.985581,8.563588
2019,8,1.086347,2.522268,3.254631,6.86216,0.750891,0.201063,0.017799,0.109032,0.177904,0.433912,0.93971,8.566683
2019,9,0.986078,2.285708,2.995025,6.26438,0.689836,0.164972,0.017398,0.095222,0.218292,0.405571,0.901455,7.867671
2019,10,0.800958,2.389642,3.165289,6.3538,0.647745,0.163013,0.015554,0.084766,0.245996,0.424189,0.933519,7.942557
2019,11,0.884908,2.884605,3.046309,6.814014,0.669598,0.180038,0.013978,0.06285,0.224267,0.4194,0.900533,8.396412
2019,12,0.859937,3.286505,3.092644,7.236205,0.763034,0.191263,0.015927,0.052791,0.237263,0.43831,0.935555,8.948567
2020,1,0.785254,3.437633,3.00862,7.230035,0.774776,0.21492,0.015446,0.063049,0.246709,0.419529,0.959653,8.975322
2020,2,0.693585,3.166283,2.844146,6.7023,0.688502,0.226941,0.015824,0.075932,0.255386,0.393824,0.967907,8.368369
2020,3,0.632553,2.816922,2.791433,6.239582,0.668515,0.208999,0.018232,0.091137,0.257222,0.388773,0.964364,7.88535
2020,4,0.515285,2.334904,2.123036,4.97187,0.61809,0.203484,0.017302,0.108976,0.261016,0.324965,0.915744,6.516773
2020,5,0.57363,2.143538,2.405885,5.122613,0.672074,0.262981,0.01733,0.12885,0.248956,0.364649,1.022765,6.830094
2020,6,0.766508,2.201454,2.555514,5.523024,0.702024,0.245639,0.016383,0.128873,0.265053,0.382444,1.038392,7.276759
2020,7,1.017936,2.549801,2.77113,6.338741,0.7248,0.234606,0.017058,0.138668,0.200605,0.395232,0.986168,8.068227
2020,8,1.032535,2.482876,2.815347,6.330145,0.720588,0.204267,0.016985,0.125173,0.202036,0.395301,0.943762,8.014567
2020,9,0.805602,2.2255,2.697219,5.727728,0.686588,0.163869,0.016505,0.106348,0.203411,0.384258,0.874391,7.301468
2020,10,0.72018,2.39617,2.810304,5.925301,0.6201,0.165024,0.016674,0.096414,0.252861,0.387945,0.918917,7.477573
2020,11,0.72945,2.526897,2.709572,5.963724,0.645145,0.183291,0.017476,0.078394,0.290644,0.392939,0.962745,7.583259
2020,12,0.908591,3.295002,2.79897,7.001264,0.729872,0.188688,0.017685,0.070424,0.280829,0.410917,0.968544,8.714428
2021,1,0.950162,3.461929,2.812847,7.221838,0.749317,0.226466,0.017429,0.07793,0.267156,0.388302,0.977283,8.962582
2021,2,0.998524,3.209102,2.414697,6.619701,0.657619,0.189705,0.016404,0.085823,0.235729,0.349705,0.877365,8.164671
2021,3,0.741571,2.74165,2.885792,6.368857,0.665496,0.189265,0.016348,0.122643,0.350426,0.408023,1.086705,8.134114
2021,4,0.651231,2.343323,2.880069,5.870485,0.596383,0.168451,0.016577,0.141404,0.317398,0.389086,1.032916,7.511126
2021,5,0.758722,2.189935,3.009984,5.954961,0.662215,0.199978,0.017379,0.158783,0.294382,0.42279,1.093312,7.723095
2021,6,0.997793,2.315605,3.009374,6.316792,0.690171,0.211213,0.017623,0.155506,0.233454,0.407855,1.025652,8.04777
2021,7,1.160573,2.495602,3.0402,6.693459,0.719015,0.193998,0.017633,0.157132,0.188967,0.423094,0.980824,8.408373
2021,8,1.157596,2.51799,3.110842,6.781378,0.725698,0.183832,0.017345,0.15357,0.234966,0.41405,1.003764,8.522359
2021,9,0.926432,2.215915,2.949657,6.086217,0.673595,0.157619,0.017141,0.14182,0.251575,0.393818,0.961973,7.731151
2021,10,0.761648,2.340361,3.062936,6.1614,0.594842,0.157905,0.01689,0.12001,0.284597,0.423059,1.002461,7.768432
2021,11,0.705348,2.787096,2.990782,6.478319,0.655479,0.179494,0.017036,0.102039,0.316202,0.408375,1.023147,8.16091
2021,12,0.73795,3.112567,3.075539,6.919182,0.738739,0.225025,0.01815,0.084571,0.356847,0.421629,1.106222,8.772377
2022,1,1.011732,3.738967,2.948404,7.693368,0.737246,0.23702,0.018549,0.102825,0.335073,0.399725,1.093191,9.534034
2022,2,0.839077,3.171549,2.761205,6.769478,0.646209,0.207656,0.015838,0.11661,0.334798,0.372174,1.047077,8.468977
2022,3,0.733283,2.881778,3.08574,6.696051,0.659704,0.229321,0.01703,0.153842,0.37926,0.411968,1.191421,8.553988
2022,4,0.662536,2.461393,2.893085,6.011789,0.577555,0.177165,0.016415,0.172819,0.405464,0.393565,1.165428,7.763289
2022,5,0.74508,2.325094,3.013968,6.074594,0.662084,0.210129,0.017116,0.193046,0.367518,0.415009,1.202818,7.948937
2022,6,0.873602,2.41064,3.018917,6.299558,0.685919,0.236668,0.016975,0.199707,0.295555,0.417558,1.166464,8.166901
2022,7,1.01985,2.686994,3.049157,6.752094,0.719279,0.226013,0.017759,0.199439,0.257438,0.421297,1.121946,8.608965
